Date,TEC,MKT,DATAFC,DATAFO,TEC_VOLUME,MKT_VOLUME,DATAFC_VOLUME,DATAFO_VOLUME,MKT_IMBALANCE,TEC_IMBALANCE,DATAFO_IMBALANCE,DATAFC_IMBALANCE
2024-01-03,548.29,633.26,28.61,28.51,27197400,96582300,89610300,90036218,-32638.0,-1653817.0,-479551.0,-482876.0
2024-01-04,546.47,633.68,28.75,28.33,23674700,90683400,83296620,83692529,8961901.0,832427.0,72074.0,-1425029.0
2024-01-05,548.23,635.4,28.21,28.03,38008900,102026400,85654260,86061375,-5676197.0,-1017302.0,291916.0,629758.0
2024-01-08,540.13,626.95,28.24,28.21,48842300,149892000,96659244,97118665,-2958468.0,2150464.0,524343.0,-1174935.0
2024-01-09,550.43,633.78,28.41,28.08,37178900,105016100,99204696,99676216,1565000.0,-708564.0,620513.0,1852407.0
2024-01-10,554.95,637.2,28.54,28.18,39835600,98525800,77929992,78300393,289433.0,2532.0,249542.0,-112311.0
2024-01-11,555.01,636.37,28.51,28.32,31630100,72290600,67288644,67608467,734066.0,-485454.0,-632094.0,129744.0
2024-01-12,551.87,633.68,28.85,28.03,36895800,107848700,107943948,108457005,-2421080.0,-3055369.0,622855.0,-157579.0
2024-01-16,556.08,635.54,28.43,28.6,26412700,88621200,79116804,79492846,9107845.0,530800.0,289015.0,399418.0
2024-01-17,557.52,635.95,29.34,28.93,29376900,61270900,62793144,63091600,2607173.0,520862.0,62828.0,211624.0
2024-01-18,555.64,630.74,29.38,29.0,35011900,132496900,77886036,78256228,4724125.0,-140149.0,-1125112.0,-1293656.0
2024-01-19,544.71,617.28,28.82,29.41,63974600,208677100,155544300,156283602,1547295.0,-241668.0,-4465662.0,-4268869.0
2024-01-22,539.44,614.25,27.7,27.88,63519300,180843100,173969856,174796734,11728112.0,668255.0,-3454790.0,-3697119.0
2024-01-23,539.12,617.91,27.42,27.24,44378800,110463200,88319592,88739375,9263261.0,-417044.0,1890630.0,2652179.0
2024-01-24,533.35,611.97,27.95,27.73,51939300,216597300,95100804,95552818,-5351292.0,871218.0,-1265190.0,-1081821.0
2024-01-25,543.21,618.46,27.26,27.15,65833600,118938100,203452344,204419353,-6946478.0,-1247243.0,6848741.0,5280349.0
2024-01-26,541.76,614.83,28.62,28.66,45187000,194677900,222429348,223486554,-6754842.0,-2986434.0,10213100.0,8626779.0
2024-01-29,529.33,601.0,29.66,29.83,65596900,254837100,182581236,183449044,2791252.0,933291.0,-7191758.0,-7216610.0
2024-01-30,533.22,605.21,28.39,28.0,37675500,165012400,112363524,112897588,2612742.0,-1513868.0,453094.0,724748.0
2024-01-31,531.84,604.45,28.18,28.4,41721800,164230500,95684220,96139007,-4774056.0,1183344.0,672634.0,648300.0
2024-02-01,538.62,612.42,28.01,28.25,32308600,132877600,77786136,78155853,-1237468.0,-1302446.0,972512.0,725721.0
2024-02-02,548.23,620.01,29.65,28.93,38359400,170787200,105342552,105843245,6747778.0,1584179.0,2735596.0,2660336.0
2024-02-05,551.37,621.15,29.14,29.61,30205400,92218800,77730192,78099643,-298799.0,2587841.0,-1045453.0,-30319.0
2024-02-06,557.65,627.95,29.19,29.18,38635500,117814100,81949968,82339476,4129100.0,-3530862.0,2022821.0,2109336.0
2024-02-07,558.72,628.26,29.51,29.44,32507200,94717700,68911020,69238554,11171010.0,3859288.0,-83491.0,526931.0
2024-02-08,562.86,631.5,29.41,29.83,40454500,100542200,73382544,73731331,-3720072.0,-463219.0,1128764.0,2719382.0
2024-02-09,563.99,634.99,29.66,29.71,33212400,96498400,87380532,87795852,12282502.0,2321957.0,-352362.0,-207134.0
2024-02-13,566.75,635.75,29.9,29.61,29546600,80460900,84271644,84672187,5202284.0,789973.0,1271206.0,-551640.0
2024-02-14,562.86,631.54,30.03,30.0,41749900,126524300,84059856,84459392,-5084303.0,1486875.0,-1853901.0,-1984683.0
2024-02-15,565.5,635.26,29.87,29.77,41814800,104998100,67963968,68287001,2228874.0,-1750469.0,303366.0,881293.0
2024-02-16,564.75,634.54,29.87,29.23,31192200,118116400,74417508,74771214,-4028663.0,-699221.0,-254731.0,-107526.0
2024-02-19,567.76,638.06,29.64,29.93,31500400,114063900,66905028,67223027,4032644.0,163989.0,474117.0,1545671.0
2024-02-20,567.13,637.82,30.18,29.86,26771700,117085000,57490452,57763704,-7513407.0,-1487837.0,670808.0,1040686.0
2024-02-21,566.63,637.85,30.49,29.99,42953700,98677200,79208712,79585191,-1596857.0,-2244099.0,-178514.0,-272693.0
2024-02-22,570.31,641.2,30.49,30.28,28742400,93880800,50349600,50588912,5154465.0,1354101.0,705378.0,-1036475.0
2024-02-23,569.68,642.82,31.1,29.27,48609800,150842000,92451456,92890878,-12572998.0,-2951340.0,-1399575.0,-383741.0
2024-02-26,565.45,638.3,30.77,30.27,38885700,167748500,84107808,84507572,19173.0,1466884.0,-974845.0,-1837876.0
2024-02-27,572.64,647.27,30.12,29.92,33189000,167545900,58649292,58928052,1650238.0,-8980.0,931733.0,1154223.0
2024-02-28,574.22,647.86,30.17,30.02,27203300,88376900,49362588,49597208,-3391825.0,1193828.0,-643841.0,-5051.0
2024-02-29,573.71,649.34,30.85,28.96,24063900,82516500,50673276,50914126,4580521.0,418472.0,-371862.0,-131061.0
2024-03-01,570.87,649.62,30.41,29.35,31167800,114513500,60543396,60831159,2385473.0,1542567.0,-687273.0,430648.0
2024-03-04,571.38,649.27,30.14,30.65,18131700,74939200,48535416,48766105,5205487.0,-667598.0,-985266.0,244192.0
2024-03-05,568.92,646.06,30.46,29.66,27484300,99009100,68451480,68776830,1490952.0,770837.0,-1203129.0,192067.0
2024-03-06,571.06,646.24,30.02,30.05,27977200,104824400,78493428,78866507,770853.0,592456.0,646314.0,-492911.0
2024-03-07,562.99,638.99,30.02,30.36,48542000,155014300,93730176,94175675,-7648767.0,1104656.0,-1408491.0,51059.0
2024-03-08,559.14,637.2,29.63,29.63,38732300,153919600,91664244,92099924,3647652.0,1933231.0,-456543.0,-1284171.0
2024-03-11,564.06,642.96,29.31,29.23,28467200,98359500,86397516,86808163,2907301.0,-663473.0,2674378.0,764961.0
2024-03-12,570.87,647.55,29.07,29.31,31250200,101804600,72527400,72872123,-2089919.0,-1696137.0,1658185.0,178122.0
2024-03-13,567.78,644.1,30.48,30.67,40869400,176267300,64451484,64757822,-3959576.0,1399509.0,-782479.0,54865.0
2024-03-14,569.36,647.86,29.51,30.06,31634500,117241000,67320612,67640587,-11475590.0,776197.0,356910.0,-136556.0
2024-03-15,562.51,645.34,30.33,29.33,62754000,163128000,128211660,128821050,5173936.0,186831.0,-1757799.0,-1009831.0
2024-03-18,557.58,642.68,29.57,29.07,77735300,121411000,121362516,121939352,-2243139.0,395486.0,-2612131.0,-2205944.0
2024-03-19,559.41,645.73,28.72,28.26,41723300,103852000,96311592,96769361,7491727.0,-1040005.0,661807.0,300021.0
2024-03-20,552.21,641.08,28.68,29.22,40930400,119843000,103096800,103586819,-9521083.0,1222777.0,-2295475.0,-2209676.0
2024-03-21,549.11,639.73,27.99,27.76,64784500,142383000,152735112,262719,-3600955.0,1640131.0,548361.0,-2135937.0
2024-03-22,550.18,642.88,27.28,27.42,39895100,101642000,90265644,824257,243233.0,-728435.0,7618.0,165507.0
2024-03-25,554.1,648.15,28.38,27.96,33924300,99745000,77614308,216593,-2681723.0,-1292580.0,-506381.0,-591409.0
2024-03-26,563.84,652.45,27.44,27.4,38683800,89193000,87152760,158434,-6668629.0,947578.0,1065864.0,2253464.0
2024-03-27,565.29,654.63,28.9,28.9,34631600,78774000,83360556,2942055,7616200.0,-1054728.0,-699304.0,-51288.0
2024-03-28,560.8,653.77,28.07,28.26,30319100,77435000,80366000,101983228,-1223547.0,-1159656.0,609292.0,936580.0
2024-03-29,545.89,646.04,28.61,28.06,131213200,169381000,107274000,127386783,1932621.0,-124442.0,-5713085.0,-6362464.0
2024-04-01,540.7,638.9,26.84,26.42,83995800,140803000,79232000,88033033,-5172847.0,-1497040.0,-1774415.0,-214025.0
2024-04-02,545.7,641.53,26.8,26.96,51495700,112660000,69650000,63024560,8551495.0,441901.0,1998757.0,934023.0
2024-04-03,555.05,648.43,27.81,27.68,45685200,100254000,60632000,66616395,-2615721.0,-3693342.0,1740337.0,1669102.0
2024-04-04,537.86,634.81,28.75,28.06,73659600,172959000,65890000,80737057,9074965.0,361893.0,-3167198.0,-3435832.0
2024-04-05,531.6,629.09,27.63,27.02,93657400,167251000,63494000,78496923,-7971980.0,-1403203.0,-2322432.0,-773210.0
2024-04-08,535.77,634.05,26.85,26.29,46500700,132382000,50824000,51501009,-296283.0,-500140.0,-71752.0,676734.0
2024-04-09,537.54,638.41,27.16,26.35,84631500,157093000,79956000,77101101,-1559015.0,379098.0,490364.0,1018087.0
2024-04-10,544.69,645.1,26.75,26.24,46970900,105197000,91644000,97865955,3459275.0,505564.0,2709993.0,3371763.0
2024-04-11,544.81,646.0,27.89,27.42,53719500,105255000,112294000,136190888,3394212.0,2128224.0,-5338797.0,-4249513.0
2024-04-15,548.86,648.26,26.84,26.59,25947900,68329000,48502000,51334553,3190901.0,59656.0,-1559431.0,-507250.0
2024-04-16,553.22,651.2,27.13,26.29,38593400,85790000,46622000,47307527,844875.0,-4430511.0,996336.0,2849991.0
2024-04-17,548.35,649.68,27.28,26.99,34376700,73869000,39114000,41046384,1870255.0,-760478.0,-425156.0,-595775.0
2024-04-18,553.6,650.99,27.08,26.07,48926300,88170000,41348000,37663121,-511371.0,-1143157.0,-589703.0,-634815.0
2024-04-19,544.75,645.66,26.24,26.66,44334000,100380000,47400000,42007014,1174487.0,-1081909.0,-2210597.0,-231972.0
2024-04-22,546.52,647.7,26.17,25.36,58623800,135121000,75056000,66710653,4387895.0,-732729.0,-75351.0,75573.0
2024-04-23,550.88,650.72,26.0,25.66,36742700,84098000,50704000,53981801,-3483981.0,-71886.0,1338765.0,-139559.0
2024-04-24,552.33,652.66,26.36,26.38,38689400,101508000,40770000,35023895,3678681.0,-2418393.0,-488766.0,-372462.0
2024-04-25,553.98,652.73,26.88,26.4,37127200,93019000,40086000,38110345,-1290290.0,512290.0,376459.0,1349174.0
2024-04-26,552.96,651.79,27.0,26.69,40074200,98122000,35616000,33770463,1490014.0,-1395222.0,-488696.0,-1226345.0
2024-04-29,555.87,653.04,26.76,26.32,27924400,75883000,24568000,20482080,545039.0,-317079.0,-190387.0,713474.0
2024-04-30,548.67,647.35,26.89,25.12,33698500,85454000,36700000,33780490,-1662417.0,-163696.0,-431540.0,-3386372.0
2024-05-01,547.09,651.17,26.22,24.9,67489100,106500000,61486000,64486563,3790533.0,1297164.0,-2215673.0,609248.0
2024-05-02,546.58,650.47,25.39,24.85,46556900,93618000,49040000,40426688,-1983390.0,-3607833.0,-706260.0,1612975.0
2024-05-03,548.6,651.44,26.45,25.67,35081500,83679000,45224000,48789585,-3484686.0,-13788.0,-65016.0,607661.0
2024-05-06,557.64,657.79,26.06,25.72,38951100,86940000,38968000,38250730,10394933.0,-110472.0,1744721.0,-369794.0
2024-05-07,558.02,658.38,26.72,25.99,30311900,66454000,40240000,33068541,5862328.0,1041447.0,992183.0,117408.0
2024-05-08,555.11,655.26,26.99,26.4,26483600,72367000,25618000,23835261,-17424936.0,355803.0,-154999.0,-385409.0
2024-05-09,550.75,649.5,26.51,26.46,59680300,154956000,36658000,34087331,-11482773.0,-1240943.0,-757277.0,26071.0
2024-05-10,554.36,651.76,26.78,26.04,66804100,97458000,38154000,29705333,5125595.0,-566417.0,840668.0,-738101.0
2024-05-13,558.21,654.15,26.58,25.57,32017000,63839000,39530000,25555972,-6878660.0,-1158364.0,845632.0,1706536.0
2024-05-14,556.19,650.02,26.89,26.42,33716000,111644000,48506000,35695734,7056827.0,-2401111.0,1023986.0,-494022.0
2024-05-15,561.5,655.5,26.75,26.12,36837700,89093000,31294000,23925508,-2540270.0,966630.0,963742.0,-949614.0
2024-05-16,563.96,657.09,27.65,26.74,30617100,61549000,42994000,32316482,6916076.0,389964.0,542427.0,713614.0
2024-05-17,568.07,659.73,28.62,27.26,22687300,61092800,53450000,38643806,2176447.0,53590.0,1535487.0,1290630.0
2024-05-21,575.15,663.78,28.34,27.59,29725200,72010000,43716000,42083223,9909666.0,2944196.0,2168754.0,1625250.0
2024-05-22,573.38,663.3,28.84,28.35,30468100,66723000,31632000,33040464,-11360667.0,-1974170.0,-600741.0,-1234888.0
2024-05-23,577.05,666.73,28.48,28.06,33036100,64377000,28222000,27082150,7109995.0,-743621.0,-356131.0,1109547.0
2024-05-24,577.11,667.8,29.1,27.9,29906400,76316000,37434000,35422988,3045052.0,-1647459.0,122843.0,-849655.0
2024-05-27,576.54,668.57,28.33,27.6,30409900,64656000,33210000,28700582,-520739.0,351484.0,562861.0,473826.0
2024-05-28,576.29,668.22,28.01,27.05,21774500,65047000,40626000,37332215,-2104670.0,-1149154.0,-386135.0,-1037890.0
2024-05-29,578.44,669.57,27.29,27.24,20118300,55529000,34582000,36329469,5116508.0,673090.0,-646297.0,-421391.0
2024-05-30,583.3,673.94,27.7,26.82,35583100,92103000,35868000,33782496,1174633.0,-76952.0,1139176.0,200862.0
2024-05-31,586.65,677.16,28.32,26.79,22680600,78696000,34804000,34735104,-7900868.0,-503834.0,491740.0,124673.0
2024-06-03,586.21,677.85,28.17,27.16,23399500,65119000,30594000,29350361,8722135.0,1674855.0,665998.0,373167.0
2024-06-04,587.22,677.92,28.27,27.82,20626000,57129000,29676000,27034019,10908144.0,279799.0,-34189.0,-57292.0
2024-06-05,587.09,675.57,28.58,27.62,22878200,68772000,22580000,22002242,-591857.0,320998.0,688738.0,521349.0
2024-06-06,581.79,670.78,27.92,27.23,35275900,106350000,30930000,29169867,-2681922.0,362314.0,-1064491.0,-395174.0
2024-06-07,583.49,672.83,28.14,27.52,39447100,82017000,27066000,24410836,-3734186.0,-1351875.0,1003603.0,673270.0
2024-06-10,584.0,673.38,27.82,27.78,25212300,87424000,39436000,34051232,-1336344.0,974657.0,-165679.0,-668015.0
2024-06-11,584.31,675.26,27.33,26.67,19977900,84834000,29552000,28891103,1598239.0,230760.0,-1060730.0,1309194.0
2024-06-12,587.6,680.21,27.31,26.47,34514000,105267000,41212000,34835379,9892177.0,223345.0,581083.0,140602.0
2024-06-13,587.22,680.97,27.47,27.38,38422200,85929000,52548000,49136535,-1732583.0,-1238844.0,-450538.0,-202707.0
2024-06-14,587.91,682.36,28.72,27.64,25897500,100587000,63212000,90166875,9645322.0,-381221.0,685562.0,-880987.0
2024-06-17,588.04,682.15,27.98,27.83,20837900,70611000,34456000,30736155,-5909658.0,1333414.0,774807.0,-130937.0
2024-06-18,587.47,678.04,28.4,28.28,31945800,96237000,56886000,44142862,978882.0,-1004442.0,-1112219.0,617415.0
2024-06-19,591.21,681.1,29.12,28.05,32818600,82782000,42294000,39387843,-7521076.0,526834.0,1676306.0,747086.0
2024-06-20,591.52,680.62,29.41,28.54,22563900,84312000,40248000,34839390,4398999.0,498935.0,-196170.0,457597.0
2024-06-21,594.12,681.94,29.14,28.64,22877800,71445100,40426000,44738493,-6224857.0,-1887482.0,-133186.0,-436697.0
2024-06-24,595.14,681.59,29.24,28.65,19751900,70201200,29578000,26275943,-4771600.0,-1543103.0,-527343.0,-155986.0
2024-06-25,601.66,686.15,28.12,28.3,31862500,90470000,32864000,28959290,-1076980.0,1883440.0,195811.0,-1151098.0
2024-06-26,602.68,686.85,29.4,29.47,18777300,52475000,23916000,21127848,3085974.0,272065.0,153838.0,-589037.0
2024-06-27,606.48,690.23,29.56,28.9,15291700,52938800,17978000,14283107,5771147.0,-1885072.0,205891.0,-166851.0
2024-07-01,604.64,687.82,29.86,29.22,23266400,61696000,26734000,21292298,-10097005.0,588730.0,679811.0,569184.0
2024-07-02,597.35,683.4,29.53,29.1,40612400,108143000,42504000,38190565,-2344225.0,-252025.0,411914.0,-1118668.0
2024-07-03,601.79,686.47,28.73,27.67,29919000,72992000,27456000,22335153,1164476.0,1301340.0,-313905.0,253653.0
2024-07-04,599.89,683.75,29.45,29.12,44245300,99040000,28724000,27134293,-696497.0,25086.0,-763853.0,-1034623.0
2024-07-05,603.75,684.69,29.13,28.73,19566300,64243000,30232000,32434806,-3809338.0,2763953.0,-330338.0,-226817.0
2024-07-08,607.37,688.14,29.48,28.74,19579000,58658000,39032000,37081529,5340351.0,-1356018.0,241695.0,605553.0
2024-07-09,605.28,686.85,29.81,28.58,39467500,111307000,33476000,32460877,643337.0,-1038163.0,-283353.0,-20952.0
2024-07-10,607.68,689.39,29.27,29.64,22052600,79986400,28816000,27942506,2528076.0,296527.0,285535.0,-48935.0
2024-07-11,599.64,681.56,29.84,29.22,43111500,145398000,58706000,60331186,163999.0,251919.0,-1380097.0,-553536.0
2024-07-12,609.14,688.52,28.91,28.41,36682200,124330000,97432000,80283816,768919.0,107900.0,3750681.0,4330216.0
2024-07-15,608.38,687.23,30.57,29.29,29750700,67592000,44758000,41242922,-3233615.0,2333329.0,-134456.0,-1533113.0
2024-07-16,612.25,690.23,29.78,29.64,25770400,67678000,37632000,33983045,5465637.0,2678049.0,-33756.0,485124.0
2024-07-17,616.18,691.76,29.77,30.08,28947500,65612000,22120000,24663528,2966154.0,1222448.0,-1425125.0,-498656.0
2024-07-18,615.48,691.79,29.99,29.76,24707200,56888000,27100000,20702684,-9347167.0,723447.0,-91149.0,858863.0
2024-07-19,613.07,688.56,30.62,29.2,29898900,76837000,27200000,18649061,-5157920.0,255314.0,-1184626.0,-748054.0
2024-07-22,613.26,688.83,29.7,28.84,25603400,69259000,27162000,19736037,747200.0,-1610321.0,-246079.0,1004070.0
2024-07-23,612.18,685.87,29.86,29.41,27022200,80466000,27332000,26997920,-2045905.0,-468412.0,413376.0,221996.0
2024-07-24,614.59,685.98,29.96,29.34,35348500,104222000,24302000,20329662,3580368.0,-694871.0,-642930.0,1773416.0
2024-07-25,602.17,672.43,30.31,29.43,50047900,183479000,46190000,42055146,2360733.0,551742.0,938911.0,-416201.0
2024-07-26,599.95,670.38,29.29,28.57,60708000,189261000,44266000,39105069,3420431.0,-630440.0,975859.0,-1155665.0
2024-07-29,604.07,675.22,28.64,28.4,33230500,91340000,30388000,28546159,10348152.0,313643.0,471755.0,310800.0
2024-07-30,599.45,668.67,29.21,28.48,50331100,152690000,32876000,31024946,2477179.0,-649356.0,527803.0,-394878.0
2024-07-31,599.0,668.88,28.52,27.53,34431900,94818000,26456000,26687069,-2876933.0,-617467.0,-992256.0,710824.0
2024-08-01,597.1,665.26,28.61,27.91,33274700,135733000,23260000,22218835,-1931975.0,-59635.0,329455.0,374254.0
2024-08-02,601.41,672.95,28.12,28.07,40236900,117014000,29866000,29895854,1719079.0,2617576.0,1525912.0,-314472.0
2024-08-05,604.96,674.9,28.5,27.78,28277500,74544000,24068000,24294518,-6662555.0,1828614.0,-15576.0,-703382.0
2024-08-06,604.71,673.96,29.04,28.64,28152300,73632000,27890000,30840441,-3153532.0,1056588.0,204002.0,-799234.0
2024-08-07,611.11,678.53,28.3,27.63,27996500,69047000,37988000,28784812,-4144769.0,548544.0,399800.0,-293592.0
2024-08-08,614.27,681.73,28.95,28.8,25006600,57371000,25458000,19709966,-8044915.0,-1081883.0,-892701.0,-656704.0
2024-08-09,617.25,681.59,29.48,28.1,55205500,139951000,34468000,30383189,3481406.0,-377686.0,506796.0,-1769009.0
2024-08-12,622.01,687.3,29.62,28.14,38938300,75424000,29320000,25682318,-5305493.0,-1659967.0,429429.0,439778.0
2024-08-13,625.49,690.89,29.69,29.37,21363400,59135000,20864000,19573592,-727740.0,2523416.0,955147.0,690501.0
2024-08-14,625.49,692.73,29.44,29.19,23435600,72763000,19346000,20734771,3252851.0,1650073.0,-48920.0,-156458.0
2024-08-15,626.76,694.75,30.1,29.24,19339500,67791000,22640000,18296094,633369.0,-109072.0,747.0,146185.0
2024-08-16,627.71,693.67,29.26,28.92,24692000,76107000,17544000,15781209,-959509.0,477854.0,310842.0,-1424355.0
2024-08-19,629.93,697.19,29.99,29.05,24124700,63855000,25912000,27228551,2089739.0,1387822.0,-264930.0,-703223.0
2024-08-20,630.56,697.64,29.0,28.62,20100400,47298000,29434000,32793789,8758333.0,-474732.0,-1385409.0,-743280.0
2024-08-21,630.69,697.37,29.46,28.28,15589100,47874000,27292000,34067276,-381721.0,-1376771.0,955683.0,-295317.0
2024-08-22,629.99,696.98,28.66,28.33,23563900,58330000,28116000,25858801,2350462.0,-337097.0,730993.0,660916.0
2024-08-23,632.34,698.97,29.17,28.11,17906300,65907000,24122000,21675347,-2697637.0,648984.0,-205795.0,179938.0
2024-08-27,634.17,698.62,28.85,28.59,18326800,72426000,31660000,31568434,-4250021.0,-2102329.0,58044.0,1196146.0
2024-08-28,630.44,698.24,29.64,28.77,25950700,57462000,31580000,24302540,8983433.0,-503407.0,527502.0,-556134.0
2024-08-29,629.86,697.23,29.21,28.48,24663500,85236000,32616000,29163850,-5541896.0,-160532.0,941547.0,-721240.0
2024-08-30,633.03,700.36,29.23,29.32,30798200,102177000,35982000,32647388,3095578.0,-209282.0,401997.0,105050.0
2024-09-02,634.24,698.55,30.22,29.58,25571300,64146000,31984000,28620362,-4463067.0,-690520.0,-828782.0,217215.0
2024-09-03,628.98,694.13,30.3,29.66,36449200,88591000,31424000,25744488,4996485.0,-2452045.0,-2293797.0,-968522.0
2024-09-04,634.17,696.74,29.22,29.05,31080100,67251000,23202000,19547521,9440759.0,-1350557.0,-562735.0,-50944.0
2024-09-05,633.67,697.54,29.18,28.96,28691900,66774400,30028000,24420864,-1373522.0,2455138.0,395470.0,-964117.0
2024-09-06,630.44,693.47,29.32,28.65,30444400,117409300,37030000,32033708,-1085644.0,-1483153.0,-1762712.0,-760710.0
2024-09-09,624.35,692.94,28.99,28.55,32972200,76401000,30908000,31951483,-10278760.0,3275989.0,-325568.0,-527639.0
2024-09-10,629.8,698.17,28.74,27.84,38166900,116201000,31592000,29607064,-1620431.0,-2757031.0,333732.0,150937.0
2024-09-11,630.75,699.11,29.42,29.55,37196500,151266000,34390000,33856699,4024619.0,-150416.0,907960.0,-1069462.0
2024-09-12,635.5,702.83,29.56,28.77,30196700,94990000,29890000,28891103,-560205.0,2569212.0,434425.0,-497742.0
2024-09-13,635.11,702.2,29.72,29.21,46918000,121649000,83832000,74732617,-7794282.0,-25269.0,-7179.0,1788195.0
2024-09-16,629.2,696.78,29.76,29.52,48658000,125553000,35644000,33790518,10170631.0,1977157.0,-1010453.0,-438531.0
2024-09-17,627.49,692.79,29.86,29.08,33989600,111393000,28074000,29428575,-1388490.0,-2089502.0,-285706.0,353155.0
2024-09-18,634.22,698.21,29.52,28.79,35959000,107276000,35160000,34562632,-6913806.0,-2706111.0,973105.0,1266906.0
2024-09-19,620.88,686.95,29.47,29.48,68642500,150300000,33420000,38519466,7870852.0,154158.0,-835692.0,337166.0
2024-09-20,627.49,692.4,28.93,28.89,56106200,103547000,25782000,28873054,1050599.0,-238932.0,1324129.0,1246984.0
2024-09-23,626.66,691.14,29.62,28.62,33342700,95112000,22874000,25648224,-335677.0,1285909.0,303830.0,45841.0
2024-09-24,627.55,689.32,29.41,28.77,41834300,131302000,31430000,32434806,-4392974.0,663279.0,-242641.0,306789.0
2024-09-25,617.52,679.98,29.58,28.84,58164900,177798000,28954000,28909153,2620614.0,1169470.0,-147920.0,-1774079.0
2024-09-26,617.52,680.09,28.88,28.36,54501300,157285000,30726000,23568530,8693223.0,697617.0,134732.0,-42208.0
2024-09-27,623.61,687.58,29.13,28.14,41627800,121569000,24290000,22834521,-8359275.0,1516039.0,-193898.0,-179400.0
2024-09-30,622.28,686.77,29.14,27.52,36038700,104778000,25722000,24292512,1723706.0,-270129.0,-196711.0,348683.0
2024-10-01,613.45,676.17,29.1,28.55,45154000,147913000,30914000,38226664,3981456.0,4062684.0,-1742835.0,-1914480.0
2024-10-02,625.39,688.0,28.86,27.63,64931600,186461000,44158000,39817018,-4663000.0,-630892.0,511013.0,1531943.0
2024-10-03,615.29,674.35,29.44,28.32,62497100,210705000,48234000,50496258,-10684416.0,-5897289.0,-399196.0,-1972982.0
2024-10-04,599.92,666.65,28.26,27.71,77579400,221909000,59574000,61638766,-2318244.0,-2449949.0,-1204669.0,-2030211.0
2024-10-07,590.52,655.7,27.32,26.54,80835900,230939000,55116000,51633371,10116505.0,1420424.0,-1289599.0,-1771281.0
2024-10-08,590.58,656.72,27.0,26.63,71814500,215847000,52198000,44451708,-10026245.0,1525245.0,713104.0,101425.0
2024-10-09,586.77,652.27,27.13,26.78,108847800,380715000,76720000,74387672,1091482.0,-906993.0,-765190.0,-2050946.0
2024-10-10,583.09,651.71,26.68,26.35,93165800,270391000,76100000,74171079,5029394.0,1369958.0,-818901.0,-1841741.0
2024-10-11,590.77,659.41,27.03,25.84,69546700,214625000,119930000,110787334,-2411463.0,-189458.0,-3118100.0,-3541683.0
2024-10-14,599.6,665.81,26.09,25.31,41479300,130011000,54964000,52150788,4151220.0,-305690.0,666164.0,906133.0
2024-10-15,615.36,679.0,26.32,25.73,53609800,154949000,49190000,46725935,-4211988.0,-2575999.0,1053633.0,452352.0
2024-10-16,612.18,674.17,26.77,25.78,39178000,151822000,59474000,58385859,4680182.0,1046998.0,1284084.0,14319.0
2024-10-17,621.39,682.01,26.67,26.54,48123800,154944000,43026000,46976621,8518023.0,579244.0,323656.0,1121747.0
2024-10-18,626.47,687.26,28.28,26.89,43157600,117927000,43508000,39462046,-5767340.0,-1025174.0,-1179302.0,-313119.0
2024-10-21,626.92,686.32,27.43,26.89,29545700,82954000,31934000,23706909,15578182.0,-2321136.0,-508060.0,-169715.0
2024-10-22,636.38,694.19,27.53,27.09,34495100,106736000,34774000,25419598,10231307.0,2777793.0,1197194.0,1158671.0
2024-10-23,634.03,693.14,28.17,27.33,40552800,142557000,41066000,35410955,-11010464.0,1578393.0,811752.0,868894.0
2024-10-24,635.37,697.58,27.42,27.39,35935800,113330000,32250000,29113713,16705497.0,-961729.0,660338.0,845196.0
2024-10-25,644.13,705.56,28.31,27.22,54254100,146903000,46810000,40701440,280129.0,1182622.0,102518.0,637400.0
2024-10-28,646.04,705.94,28.62,27.5,33481000,93600000,30834000,27645693,-1462112.0,-523470.0,108617.0,-1502752.0
2024-10-29,643.88,703.49,28.39,27.44,22773300,93343000,27726000,24884132,-3783703.0,-236485.0,-884324.0,492907.0
2024-10-30,643.94,707.94,27.88,27.76,25818600,91709000,32906000,40645286,-2450838.0,-1819446.0,-978857.0,-259336.0
2024-10-31,645.97,710.77,27.2,25.55,24671900,107089000,33014000,26665008,3512798.0,2850850.0,-845218.0,-506809.0
2024-11-01,645.4,711.44,28.33,27.23,20931700,89540000,31782000,32675465,-3873992.0,492186.0,987831.0,1158615.0
2024-11-04,647.69,713.68,27.58,26.8,20360000,66319000,26090000,22692131,1875564.0,17687.0,294838.0,-53261.0
2024-11-05,649.72,714.38,27.79,27.23,15454000,54499400,21966000,19310873,-2998268.0,3025857.0,1028355.0,-610783.0
2024-11-06,650.87,713.61,28.44,27.0,22050300,90120300,21882000,22593862,-328582.0,-610292.0,-833085.0,-1026430.0
2024-11-07,653.66,714.41,28.01,27.18,28027800,85357900,30220000,26787343,6052453.0,-1949415.0,-146709.0,-388770.0
2024-11-08,655.69,714.59,28.01,26.9,19251300,80417500,28502000,25790614,8514533.0,-809790.0,-1308543.0,126774.0
2024-11-11,653.72,715.04,27.79,27.13,23361600,80441000,33612000,34520517,1808276.0,236878.0,-417702.0,-451167.0
2024-11-12,658.61,719.17,27.35,26.21,26336800,76068100,36440000,39253475,11179466.0,-780581.0,-1404182.0,-151929.0
2024-11-13,655.63,718.01,27.21,26.97,23760200,82373000,30346000,27844237,4600258.0,-233230.0,-361975.0,684521.0
2024-11-14,658.55,719.27,27.31,26.85,22874000,72840300,35016000,31267610,461155.0,1443699.0,-560954.0,471463.0
2024-11-15,659.82,723.12,27.18,26.79,34049100,142327300,50120000,44485801,-6019721.0,-2530139.0,247736.0,246012.0
2024-11-18,664.97,725.15,26.94,26.45,17928300,65880800,33076000,34127440,-8641043.0,-209963.0,373242.0,526509.0
2024-11-19,665.98,724.63,27.82,26.7,17526000,79108300,38072000,35798014,-5287521.0,545160.0,195856.0,-567125.0
2024-11-20,670.3,726.48,27.66,27.12,18973800,62167800,29604000,30459397,1737109.0,-468335.0,-145849.0,975264.0
2024-11-22,673.42,724.94,28.14,26.64,17360400,57890100,24202000,22966883,3907229.0,-2632112.0,-4060.0,274445.0
2024-11-25,665.79,719.9,27.27,27.25,35969500,103968400,39888000,42307838,6047466.0,-950010.0,-998110.0,-726014.0
2024-11-26,668.46,724.56,26.6,26.66,26031300,74507200,41480000,30533600,-3464865.0,-1394240.0,120493.0,-236995.0
2024-11-27,669.67,727.36,26.18,26.31,32974300,68952000,32476000,25559983,5196858.0,725616.0,-69848.0,-284859.0
2024-11-28,669.35,726.55,26.53,26.58,31008800,91316600,32598000,27842232,682920.0,2068038.0,658962.0,31329.0
2024-11-29,669.41,727.74,27.69,26.28,25622200,91025500,61402000,51312493,-12193416.0,-1127641.0,-1011775.0,-3059022.0
2024-12-02,664.65,722.88,26.06,26.02,32685800,108588200,64566000,46587556,-5808027.0,-911789.0,226148.0,80785.0
2024-12-03,666.75,722.39,26.8,26.24,46035100,125180100,43322000,37426473,3133598.0,1647397.0,616069.0,447021.0
2024-12-04,656.26,710.81,26.91,26.87,39330100,159856400,46222000,34245764,3767322.0,3108780.0,-2041090.0,-436663.0
2024-12-05,659.38,714.41,26.07,26.03,47576000,159012800,41426000,32216207,-8886457.0,-1950005.0,55989.0,-453854.0
2024-12-06,652.2,702.86,26.88,26.25,46889400,202330200,47314000,39891221,7853051.0,712899.0,-327523.0,-1087785.0
2024-12-09,645.47,698.04,25.7,25.58,52968400,189965800,52352000,56268061,1508914.0,-1287202.0,643876.0,-423503.0
2024-12-10,635.11,692.44,25.91,25.56,65348600,259543800,86998000,79285081,124339.0,2266685.0,-3359129.0,-2813597.0
2024-12-11,646.67,706.01,24.48,24.39,79715300,253910100,72788000,57663883,10262440.0,4218889.0,2839041.0,2305678.0
2024-12-12,662.24,723.47,25.38,24.86,49840900,257633900,77534000,58534266,-2599050.0,1312025.0,950629.0,134818.0
2024-12-13,665.15,726.55,25.47,25.08,51419900,245084600,97442000,73804074,-3152384.0,1114824.0,-434049.0,2796882.0
2024-12-16,666.81,729.89,26.09,25.27,33869200,148318900,66390000,54475152,6964743.0,3777227.0,888292.0,1166687.0
2024-12-17,664.45,730.88,26.34,26.52,30156900,122167900,57544000,43952341,5364823.0,-2115350.0,-26295.0,2240332.0
2024-12-18,665.02,730.95,26.41,25.77,14291300,42963400,14754000,14118657,9940551.0,-1307487.0,-358085.0,821791.0
2024-12-20,669.74,733.31,26.76,26.34,13924300,57326700,22270000,20810980,-6263999.0,-1431466.0,138235.0,-876133.0
2024-12-23,669.61,734.29,26.41,26.66,17073800,79643900,44300000,45570772,-4878256.0,-327487.0,-796090.0,-855018.0
2024-12-24,665.15,730.35,26.62,26.63,18604000,73540800,20972000,17525986,-186231.0,920430.0,486202.0,1194636.0
2024-12-25,658.33,723.1,27.0,26.87,24367100,130333800,24648000,27364925,592777.0,1496633.0,-967101.0,-112177.0
2024-12-27,656.35,722.72,26.77,25.8,31314600,121465900,26480000,28951268,-3515503.0,-16728.0,302365.0,-96380.0
2024-12-30,646.72,709.66,26.34,25.85,36521300,169632600,41182000,41196796,-4535795.0,603609.0,-1419221.0,139238.0
2024-12-31,638.05,702.98,25.82,24.75,66205500,209151400,54456000,57998800,-2294502.0,2441067.0,-1945791.0,-2015358.0
2025-01-01,646.28,711.74,25.09,24.84,37577400,125346700,46918000,41301082,15501641.0,-2010321.0,-23733.0,729490.0
2025-01-02,658.65,724.37,25.1,24.73,40212600,147217800,73054000,67071641,-444712.0,-639919.0,-13163.0,-218581.0
2025-01-03,654.31,718.56,24.83,24.88,41410100,158567300,42000000,41427428,2228949.0,-1649538.0,-217011.0,599942.0
2025-01-06,647.49,712.94,24.63,24.95,34129800,144396100,57138000,46535413,-582977.0,161563.0,-310228.0,-345043.0
2025-01-07,647.3,710.93,24.44,24.21,56162300,214553300,60958000,47409807,3314903.0,1372168.0,63175.0,139048.0
2025-01-08,643.73,706.64,25.23,24.54,51354200,192991100,52800000,44714427,2130374.0,368386.0,338829.0,-285683.0
2025-01-09,635.37,700.17,25.09,25.19,51005400,176613900,51068000,54316718,2974379.0,4870341.0,671091.0,-369060.0
2025-01-10,642.83,709.35,25.68,24.71,35362200,211879600,49658000,45965854,7508570.0,-314740.0,1193214.0,1349405.0
2025-01-14,647.93,710.86,25.29,25.09,30964100,130991100,46796000,44640224,-1592087.0,-328052.0,-18126.0,-515734.0
2025-01-15,651.25,714.45,25.85,25.81,40128800,122942700,46356000,45374234,4857499.0,393901.0,469938.0,865668.0
2025-01-16,663.3,725.07,25.98,25.76,40887200,174356000,56068000,53538588,7834736.0,1008080.0,359057.0,1963858.0
2025-01-17,664.77,721.1,27.23,26.3,34783000,117516800,45966000,45634948,-1648872.0,-1980193.0,-180434.0,518765.0
2025-01-20,664.0,722.79,27.67,27.58,19960900,92009700,30932000,30874534,-1719842.0,-1066631.0,-391849.0,703239.0
2025-01-21,646.79,713.25,26.53,26.56,45253200,134044600,39148000,38080263,-1147239.0,569596.0,-2064514.0,-1859205.0
2025-01-22,643.47,704.11,25.52,25.7,43591700,168514300,35822000,33676205,-5232269.0,683188.0,-1410274.0,-1228946.0
2025-01-23,649.66,710.61,26.09,25.25,46539700,173585400,79018000,83727244,-4475615.0,-1105952.0,373157.0,1363501.0
2025-01-24,644.62,701.68,26.18,25.53,42927600,197729700,121108000,112127002,5189017.0,1620494.0,7281520.0,5565886.0
2025-01-27,650.23,710.37,27.15,26.73,43624700,163107000,75378000,56996054,1379304.0,-1065385.0,-1185598.0,-655906.0
2025-01-28,656.48,720.64,26.39,26.39,30750400,124212900,47062000,40773638,-4347638.0,-160114.0,-166615.0,-774537.0
2025-01-29,655.9,717.9,26.4,26.08,34073200,134306700,33896000,33273101,2176113.0,411598.0,-837606.0,-524247.0
2025-01-30,661.58,725.14,26.56,25.71,23605500,97953200,33176000,36995292,-10393381.0,585949.0,-2509.0,21842.0
2025-01-31,657.56,723.14,27.0,25.74,34169300,125672000,42938000,35270570,6604314.0,1029820.0,-14328.0,188178.0
2025-02-03,655.46,719.9,26.42,25.99,22604700,87219000,30314000,25355423,13398485.0,-1496288.0,380812.0,-960084.0
2025-02-04,665.66,727.57,26.16,26.06,23686500,96164200,47430000,34997823,3607039.0,1790214.0,1012597.0,824405.0
2025-02-05,668.08,727.99,27.29,26.86,20303600,91087800,38306000,27555446,-403903.0,2749948.0,-501936.0,-649712.0
2025-02-06,675.86,734.99,26.74,26.4,22520300,97545900,48590000,32404724,2938389.0,620085.0,556394.0,1393416.0
2025-02-07,681.66,738.02,28.12,27.07,29030200,93670400,47382000,38006060,7280963.0,461834.0,-976656.0,945897.0
2025-02-11,682.3,739.18,27.8,27.35,17675300,76968200,39174000,32336537,-11566477.0,497294.0,-276041.0,-1204350.0
2025-02-12,683.26,739.25,26.63,26.4,15149600,80652900,31164000,29061570,6027057.0,-790793.0,-863209.0,-618003.0
2025-02-13,686.64,738.72,26.7,26.8,19828100,91462500,30834000,19782163,-2037466.0,2101393.0,2010122.0,361579.0
2025-02-14,691.23,743.16,28.28,27.07,28336700,140896400,38234000,28887092,-2367118.0,298299.0,-764540.0,-98462.0
2025-02-17,691.93,743.05,26.89,26.12,17868000,74411100,32906000,29157834,-6913571.0,2237595.0,-661730.0,-389642.0
2025-02-18,692.44,745.16,26.67,26.03,19745000,72472300,28406000,20101036,-10967752.0,2411145.0,312096.0,998578.0
2025-02-19,690.72,744.53,26.64,26.85,19472300,73061700,40836000,36519991,1045147.0,-1830210.0,994555.0,2055819.0
2025-02-20,694.22,743.65,27.63,27.2,22255500,72697900,54032000,46230579,2689525.0,79458.0,568763.0,1276148.0
2025-02-21,691.16,741.12,28.08,27.98,27757600,108076000,68328000,48203982,-4918779.0,-173960.0,-202347.0,559311.0
2025-02-24,697.41,745.79,27.84,27.48,22988600,87491400,50406000,42592618,-1233791.0,356892.0,466214.0,2283166.0
2025-02-25,694.16,742.73,28.29,28.86,20788900,110325800,50526000,34095352,-3448794.0,-3040658.0,772648.0,-39925.0
2025-02-26,691.48,739.6,29.11,28.89,21007400,114497200,37964000,37536775,5094510.0,21866.0,-382619.0,-590849.0
2025-02-27,692.69,740.41,28.94,28.4,15381000,76873000,35918000,27792094,-964523.0,-41032.0,737529.0,-1116300.0
2025-02-28,684.85,730.0,29.42,27.79,30990400,188128000,37592000,33182854,-862791.0,1061413.0,707608.0,-32885.0
2025-03-03,686.83,733.02,28.49,27.63,26237100,89818900,23478000,21242161,10463931.0,-169845.0,897342.0,-4833.0
2025-03-04,674.08,721.13,29.15,28.39,34234500,157121300,40080000,35846146,4014587.0,1951971.0,359134.0,-578232.0
2025-03-05,670.19,719.44,27.44,27.34,25459700,110145700,40524000,36415706,-278051.0,958577.0,576829.0,-91781.0
2025-03-06,674.59,728.59,27.53,27.38,21473200,93993500,35602000,27792094,3189522.0,-1248894.0,1044357.0,1910727.0
2025-03-07,671.65,724.12,28.16,27.12,42021100,162410900,35428000,34071287,-4606788.0,1511507.0,96119.0,-587262.0
2025-03-10,680.32,733.8,27.51,27.11,25674100,136099200,36856000,32819860,-13045381.0,1649689.0,146386.0,1030506.0
2025-03-11,681.41,731.62,28.26,27.85,19603800,94510400,28892000,36110871,-3756332.0,-1508928.0,-1395103.0,583190.0
2025-03-12,688.1,740.41,28.15,27.16,40622200,228808500,35324000,42690887,-5569559.0,-1087927.0,571440.0,-1032654.0
2025-03-13,689.12,737.03,27.87,27.63,31314000,117917300,24660000,23945563,-1016551.0,-202276.0,641494.0,736563.0
2025-03-14,693.58,743.54,28.5,27.6,31761400,177715100,44320000,52337299,-5257280.0,2187751.0,-258519.0,447799.0
2025-03-17,692.24,742.09,28.41,27.6,17268500,71784500,30234000,32876014,-6117671.0,1221010.0,-536077.0,-56709.0
2025-03-18,689.75,737.92,27.75,27.66,22445300,77805300,79156000,51665459,-9208806.0,-640665.0,1080513.0,2564144.0
2025-03-19,673.96,727.11,28.52,28.08,41581400,159521700,53070000,43045859,6698134.0,48148.0,-675169.0,-753995.0
2025-03-20,671.66,725.38,27.54,27.56,47846300,153067200,49842000,31452115,7862471.0,-1327935.0,790523.0,-1031183.0
2025-03-21,674.35,727.04,28.9,27.3,33878400,118939000,34552000,37949906,8480441.0,-925143.0,-1093501.0,477170.0
2025-03-24,682.08,735.91,27.93,27.73,30570200,96180400,24788000,25750504,-6559632.0,395691.0,-619707.0,-1015178.0
2025-03-25,674.86,729.48,26.68,27.15,30488100,126768700,34932000,31760961,-2593960.0,183814.0,-276222.0,-532655.0
2025-03-26,671.34,726.9,27.67,26.71,32970500,137303600,38902000,39261497,2820417.0,1396359.0,-1595823.0,268780.0
2025-03-27,671.79,729.51,26.95,26.81,19164200,86900900,47760000,34327989,785294.0,-321615.0,-806177.0,82256.0
2025-03-31,677.29,734.42,27.01,26.03,24451100,114368200,33718000,26488525,6134103.0,-287439.0,774517.0,518918.0
2025-04-01,676.14,732.48,27.21,26.31,19379400,81236300,27318000,26057345,-4417504.0,-1962090.0,14598.0,76541.0
2025-04-02,681.51,734.95,27.27,26.79,25866900,89351900,28386000,23570536,-3283622.0,1359536.0,-262560.0,-250715.0
2025-04-03,685.79,738.2,27.66,27.26,23114700,85548900,32366000,31157308,1408278.0,-155755.0,353142.0,-119176.0
2025-04-04,688.6,742.23,27.66,26.45,17164300,72722900,26104000,28189181,-6655068.0,1102529.0,396437.0,158676.0
2025-04-07,686.87,738.88,27.05,26.87,17783500,74436600,29326000,32906096,-9906311.0,2409120.0,40520.0,532973.0
2025-04-08,684.89,740.29,27.15,26.64,23755700,75099900,47206000,52082601,-6791133.0,-498421.0,-236973.0,-976460.0
2025-04-09,689.17,743.61,27.49,25.81,21128600,99529300,46962000,46376979,-7432110.0,1250144.0,871460.0,1565826.0
2025-04-10,688.22,743.4,27.28,26.37,16195300,68934900,31722000,25997180,7266923.0,639105.0,-4292.0,-133445.0
2025-04-11,677.48,734.85,26.85,25.93,46514000,191113200,49234000,43037837,5916442.0,290696.0,-1004125.0,-580365.0
2025-04-14,687.64,741.56,26.39,25.81,28945900,92189500,38508000,33585958,-14031638.0,2778566.0,880614.0,2716508.0
2025-04-15,690.58,740.68,26.63,26.71,22759800,72559800,29128000,36895018,-1256226.0,13638.0,2162713.0,240002.0
2025-04-16,694.35,744.32,27.39,26.03,21429200,78264600,31806000,31871263,-13318087.0,-750522.0,809338.0,686168.0
2025-04-17,696.97,746.19,27.16,26.91,29473200,102585900,78184000,83697161,-25547.0,1612835.0,1418018.0,2092822.0
2025-04-18,706.43,747.92,27.46,27.18,32508100,61327400,92168000,98650102,-330570.0,1948949.0,2257371.0,3255502.0
2025-04-21,704.64,744.81,28.77,28.5,31121300,79358100,48062000,47960000,-3510632.0,-485929.0,-1348228.0,-679841.0
2025-04-22,703.23,747.18,28.05,27.57,36849200,86863500,37178000,29820000,-4471671.0,377649.0,-1391425.0,-511989.0
2025-04-23,698.82,744.11,28.29,27.66,34043900,125684900,33622000,33976000,-4740192.0,208822.0,792976.0,-145692.0
2025-04-24,687.83,736.65,27.64,27.57,44080500,161304900,47240000,41644000,968074.0,424252.0,-644949.0,-956726.0
2025-04-25,696.91,744.64,27.58,26.19,32874300,103399700,36572000,35364000,-3893255.0,539477.0,-471377.0,527654.0
2025-04-28,698.06,746.76,27.64,26.02,23507300,70927200,35260000,26160000,-12222736.0,-1126585.0,882130.0,1307586.0
2025-04-29,686.68,738.2,27.18,26.7,47843300,113326200,28528000,27662000,-3025030.0,-65919.0,173989.0,844483.0
2025-04-30,681.95,735.17,27.03,24.83,42687200,135060200,39034000,31340000,1152137.0,-145479.0,-1051370.0,-68793.0
2025-05-01,686.04,738.1,26.42,26.3,29335800,88244900,31844000,30926000,-2415934.0,382018.0,-126423.0,1217038.0
2025-05-02,694.61,747.82,27.44,26.53,33023300,155877300,28226000,30552000,-657933.0,-2961503.0,516177.0,2488303.0
2025-05-05,691.92,744.25,27.28,26.57,19679300,75708100,21858000,18106000,-137270.0,-2002403.0,-36842.0,-768505.0
2025-05-06,688.79,742.02,27.45,26.81,33665000,119727600,35282000,32684000,-8127783.0,324709.0,-312253.0,-513302.0
2025-05-07,690.2,742.16,27.11,26.24,20738400,94667900,24238000,25046000,4797197.0,-689222.0,771645.0,12009.0
2025-05-08,700.29,749.9,26.93,26.46,23904200,95934000,31736000,28078000,1355297.0,2389396.0,1244942.0,178645.0
2025-05-09,700.29,750.71,28.16,27.09,23937400,76510100,33440000,39426000,6634604.0,-700944.0,208336.0,-436525.0
2025-05-12,703.36,753.05,27.16,26.75,17631100,74549700,26706000,40068000,-5946398.0,552436.0,738990.0,-1324.0
2025-05-13,702.6,752.8,27.08,26.2,14212900,72114600,47126000,39338000,8939951.0,-2022489.0,-527363.0,109373.0
2025-05-14,703.04,752.27,27.39,27.58,21131900,76857500,30840000,28616000,-2362818.0,2722698.0,-264694.0,-238060.0
2025-05-15,706.69,754.46,27.4,26.88,16771800,64764600,34170000,29254000,3474127.0,-441002.0,1602337.0,908265.0
2025-05-16,705.98,752.66,27.98,27.02,13543800,57433500,24266000,23524000,-118221.0,-866412.0,371854.0,707346.0
2025-05-20,697.87,744.56,27.47,26.79,25488400,124308600,37474000,48130000,834397.0,-327661.0,-727371.0,-1754836.0
2025-05-21,709.11,751.63,27.19,26.72,30572700,93214000,34844000,30500000,3474202.0,-2552695.0,1689544.0,-356459.0
2025-05-22,707.52,750.78,27.72,27.05,17302400,74974600,23544000,20596000,-6448984.0,1416840.0,-349542.0,-1261098.0
2025-05-23,703.3,746.12,26.98,26.76,30383000,124919600,43446000,51948000,-10745986.0,-1514133.0,-266622.0,-1380103.0
2025-05-26,705.66,747.64,26.5,26.76,24570200,93338800,33210000,38086000,-1191431.0,500752.0,1133920.0,226833.0
2025-05-27,703.43,746.9,27.69,26.8,19449600,91531000,31842000,38780000,7026623.0,959473.0,256187.0,-6047.0
2025-05-28,705.54,748.88,27.89,26.94,20507200,87820900,26710000,34340000,-6401366.0,296974.0,353767.0,-311131.0
2025-05-29,700.17,742.55,28.14,26.8,31374600,151882800,26866000,26966000,-7641024.0,-1613904.0,-1457252.0,-286877.0
2025-05-30,698.51,741.28,27.88,26.94,22641700,121704700,24396000,27764000,-4296992.0,-62762.0,201427.0,1035169.0
2025-06-02,691.41,736.72,27.23,26.76,24549200,89063300,27336000,30412000,3385207.0,-1042485.0,-1149281.0,-102600.0
2025-06-03,690.26,736.61,27.32,26.1,27554600,105034700,30016000,29106000,9537697.0,-249216.0,-102004.0,-940664.0
2025-06-04,699.72,745.45,27.09,25.87,30297900,134551300,30316000,36300000,-2536428.0,-44489.0,856973.0,962185.0
2025-06-05,700.74,747.85,27.58,27.11,17593500,73876400,25872000,24350000,1989806.0,-768896.0,815136.0,-54156.0
2025-06-06,694.99,742.13,27.52,26.54,27201800,135382400,25468000,19116000,2858169.0,-230241.0,-531645.0,420569.0
2025-06-09,691.54,738.95,26.99,26.66,31238800,124384200,27150000,32654000,-2935979.0,434895.0,270815.0,-817357.0
2025-06-10,695.31,742.97,26.69,26.31,16456900,85308200,32526000,21436000,1171898.0,-156844.0,562752.0,817070.0
2025-06-11,697.23,744.18,27.44,26.68,23296700,126708600,24440000,25884000,-1828848.0,155861.0,-352997.0,-859614.0
2025-06-12,707.39,751.92,27.23,26.18,43032400,165867900,41192000,36662000,-1252989.0,541221.0,323046.0,1152492.0
2025-06-13,703.89,748.58,28.07,26.7,27877600,130478700,59290000,37870000,-3189207.0,14857.0,28128.0,789473.0
2025-06-16,709.08,752.41,27.42,26.59,19120900,70696000,34752000,25006000,5119485.0,-1318566.0,-959915.0,160307.0
2025-06-17,709.66,752.94,28.33,26.64,18127900,68476800,31396000,23950000,-5551425.0,-1875909.0,896361.0,-457671.0
2025-06-18,706.0,747.48,27.64,26.76,15815900,92307300,28924000,25732000,-1587692.0,713585.0,-129413.0,-714613.0
2025-06-19,704.6,745.2,27.91,26.6,18326700,97107400,26684000,26714000,-2049261.0,-633919.0,-3626.0,-724326.0
2025-06-20,699.92,745.06,27.93,26.74,32311700,104174800,43676000,42182000,5050856.0,-348662.0,-255740.0,-1080438.0
2025-06-23,683.39,729.44,27.07,26.6,50874900,202621300,37756000,38756000,7311880.0,-174927.0,-754543.0,-2351176.0
2025-06-24,685.83,730.96,26.94,25.82,34809900,182925100,34510000,44344000,-6614616.0,-1062859.0,1305829.0,1708089.0
2025-06-25,691.27,736.82,27.14,26.08,21293000,135979900,30760000,39220000,1016538.0,-394996.0,530994.0,-537649.0
2025-06-26,691.46,736.15,27.08,26.06,20499400,104373700,28124000,24718000,4181080.0,1061431.0,317061.0,753578.0
2025-06-30,689.86,734.05,26.71,25.72,24311000,117975400,25614000,25610000,3710150.0,1421294.0,-355312.0,419865.0
2025-07-01,691.59,738.67,26.47,25.64,44230800,173820200,33578000,31944000,6382228.0,-2001557.0,272909.0,847864.0
2025-07-02,679.55,726.28,27.37,26.03,39691500,164020100,27662000,25934000,-6795748.0,469873.0,688943.0,-29833.0
2025-07-03,679.17,727.59,27.11,25.22,28381000,144113100,29766000,36846000,10024059.0,-2098235.0,-31152.0,687655.0
2025-07-04,689.54,736.75,26.37,25.82,26415800,129456900,43436000,39134000,93748.0,634916.0,1824363.0,957291.0
2025-07-07,701.65,744.88,27.64,26.29,25780700,106069400,41792000,44130000,-2027148.0,446238.0,2642117.0,1210515.0
2025-07-08,706.26,748.12,28.03,27.65,21977200,81709600,74832000,64882000,-16627701.0,1838809.0,1594776.0,2055638.0
2025-07-09,707.03,747.87,29.22,27.82,28631500,97914100,41466000,35692000,423283.0,2450483.0,-265978.0,-1172791.0
2025-07-10,717.02,753.87,28.68,27.69,29838900,106683300,112642000,95366000,6714286.0,554178.0,3625530.0,4366873.0
2025-07-11,727.59,754.51,30.26,29.34,35926800,89030000,257162000,223298000,2411382.0,2382602.0,35673527.0,42222130.0
2025-07-14,730.09,754.9,35.02,33.85,26539000,70446800,102436000,117218000,6507822.0,-605076.0,-2124998.0,-475246.0
2025-07-15,729.64,751.92,34.79,33.14,35468900,77965000,75604000,67544000,-4212622.0,-1307566.0,256037.0,16658.0
2025-07-16,721.38,750.57,34.34,33.4,35575000,88667900,83100000,78586000,-3205941.0,-3011455.0,-541181.0,-293295.0
2025-07-17,718.69,746.34,34.59,32.81,25698300,90509100,76232000,60582000,-1040628.0,414256.0,-2552600.0,-1863531.0
2025-07-18,711.64,738.6,34.13,32.75,30844700,117755000,82622000,72514000,-5780719.0,-742983.0,-3696717.0,-993104.0
2025-07-21,705.75,734.3,32.67,31.16,35994800,132361100,58382000,53508000,565569.0,-390319.0,29999.0,-1136251.0
2025-07-22,711.83,743.32,32.27,31.46,33553500,123544800,34364000,34546000,63441.0,-1441067.0,443462.0,1510181.0
2025-07-23,714.52,748.44,32.86,30.83,26714100,105791300,36756000,31502000,5075513.0,1980148.0,1447336.0,725364.0
2025-07-24,717.92,748.61,32.58,31.81,25438100,91304400,39606000,29484000,9925423.0,2036846.0,160353.0,1074343.0
2025-07-25,717.09,747.48,33.44,31.5,22081700,103266900,34922000,34122000,-4755826.0,-1000281.0,86586.0,811723.0
2025-07-28,714.84,744.96,32.48,31.64,25001800,113965700,31348000,26090000,-5958808.0,530185.0,24881.0,939512.0
2025-07-29,713.5,743.5,32.65,31.76,22132300,81820800,26188000,29818000,3763094.0,1358607.0,584216.0,-346243.0
2025-07-30,719.01,745.95,32.78,31.5,28989900,85786800,36448000,46686000,-4981527.0,2797803.0,212001.0,923906.0
2025-07-31,707.48,739.84,33.84,32.13,42125400,116030800,40660000,31452000,-7776459.0,609415.0,-504448.0,728051.0
2025-08-01,706.58,738.42,32.39,31.79,30006800,117858000,27544000,28078000,-216194.0,127581.0,263303.0,-1323187.0
2025-08-04,714.65,747.73,33.69,30.98,21500800,80270700,34458000,36184000,-2823323.0,-1754317.0,860716.0,-78560.0
2025-08-05,705.49,740.98,32.89,31.41,36123300,126081400,109880000,100584000,-4619119.0,897729.0,5743432.0,5163144.0
2025-08-06,707.93,741.87,34.53,32.78,41889000,172123700,58498000,58734000,2698720.0,791049.0,-652991.0,540930.0
2025-08-07,706.77,740.94,34.01,32.95,22510500,89383300,36354000,36214000,6675903.0,-1687993.0,221841.0,-404311.0
2025-08-08,707.86,743.64,34.2,32.56,17924900,72786500,27598000,21442000,-3477105.0,2099999.0,-341294.0,762274.0
2025-08-11,713.76,747.8,34.0,33.04,21224900,79072600,24680000,21034000,11868849.0,679798.0,702055.0,-1894909.0
2025-08-12,710.1,745.63,35.46,32.78,13984400,71692700,27710000,29122000,5866089.0,2178380.0,-886373.0,-469432.0
2025-08-13,705.43,739.74,34.76,33.02,42511400,172946000,50194000,42682000,-5166028.0,596632.0,672859.0,29650.0
2025-08-14,685.89,724.29,34.27,32.84,57747300,194327900,57798000,57106000,-6457478.0,-1505030.0,-950808.0,-1334061.0
2025-08-15,655.91,702.49,33.82,32.05,97763400,346588500,91880000,85304000,-19017489.0,-4925878.0,-3663815.0,-4130270.0
2025-08-18,630.68,672.91,31.33,30.15,150829900,507244300,129788000,115406000,-885165.0,2888824.0,-3715606.0,-4302331.0
2025-08-19,628.31,664.99,31.01,29.29,75088300,369833100,71430000,70760000,768046.0,4575002.0,-1312821.0,-517858.0
2025-08-20,659.95,690.52,31.03,29.59,104103800,339257000,87740000,84718000,1224070.0,3184591.0,6691566.0,8316456.0
2025-08-21,676.67,707.6,32.76,32.27,69377700,274143900,58974000,69826000,-4458438.0,616343.0,1214017.0,448961.0
2025-08-22,676.54,707.63,32.86,31.33,49919600,160414400,38836000,39574000,-2815289.0,-2552668.0,-771542.0,105037.0
2025-08-25,668.15,701.92,32.14,32.21,39549400,163298800,38936000,43534000,1029548.0,729601.0,-124801.0,-619370.0
2025-08-26,647.27,680.97,32.0,31.04,73155500,256000400,51458000,74042000,8100655.0,2283263.0,-2649259.0,92764.0
2025-08-27,665.52,693.89,31.4,29.47,43963600,160269300,37630000,51512000,4391474.0,-1435227.0,956137.0,1903063.0
2025-08-28,662.26,694.39,32.57,30.58,45131800,152087800,34572000,35192000,-3882598.0,-292166.0,-1264132.0,-1144104.0
2025-08-29,654.38,683.88,31.52,29.78,49379600,207081000,40478000,41780000,14562931.0,2835348.0,134883.0,419483.0
2025-09-02,672.82,701.07,31.24,29.95,37343500,116025700,39092000,45590000,2119717.0,-19849.0,256627.0,1143626.0
2025-09-03,665.27,691.69,32.51,30.68,47146700,149347700,40978000,34042000,-2131039.0,538816.0,-665876.0,601980.0
2025-09-04,672.5,695.45,32.05,30.85,47686700,158611100,27850000,38106000,-8864886.0,1541746.0,-263913.0,360799.0
2025-09-05,676.22,698.62,33.23,31.22,29106100,119691200,34892000,27470000,7700886.0,184003.0,36509.0,557292.0
2025-09-08,674.17,696.02,32.82,31.33,19718800,79452000,29942000,34046000,-3067697.0,3569785.0,-637069.0,-433645.0
2025-09-09,682.11,704.72,32.2,30.67,30020200,113806200,35546000,41688000,57111.0,-682967.0,1076223.0,820589.0
2025-09-10,685.96,710.83,33.32,32.03,31329100,99581600,26252000,25730000,5612849.0,1876379.0,-147862.0,-772962.0
2025-09-11,686.21,709.23,33.19,31.92,56139800,276046600,47752000,45494000,-4590603.0,90875.0,-410450.0,477620.0
2025-09-12,676.45,697.64,33.78,31.83,48384000,223657500,72544000,102668000,10159571.0,-2083038.0,-2699477.0,-1847267.0
2025-09-15,678.57,701.25,32.85,31.22,35772600,105726200,39094000,35770000,6162402.0,-45712.0,52604.0,-329937.0
2025-09-16,668.43,692.15,33.01,31.52,47359700,153890900,54362000,51258000,6709123.0,-807986.0,-691650.0,-1735199.0
2025-09-17,668.94,691.04,32.61,30.47,21775100,92790600,29160000,29418000,-7243781.0,-101621.0,980527.0,1359936.0
2025-09-18,666.5,688.54,32.63,31.19,38284300,159378800,38692000,44802000,3890832.0,1133110.0,89972.0,59110.0
2025-09-19,660.85,688.36,32.69,31.26,44700000,155054800,48480000,43480000,-10011172.0,262246.0,717753.0,-2017204.0
2025-09-22,642.04,671.09,31.7,30.14,44077500,178515900,47646000,62554000,4896031.0,1159826.0,-1628660.0,-1681419.0
2025-09-23,638.7,671.48,30.38,29.41,49315500,159045600,42130000,46190000,13862150.0,2245109.0,1054826.0,-1313891.0
2025-09-24,653.4,684.01,30.35,29.31,41411400,163452000,52954000,48268000,5368392.0,-225730.0,1425919.0,792129.0
2025-09-25,656.35,685.79,32.09,30.49,39339100,131079000,42506000,37352000,-6927476.0,-182866.0,-131649.0,814630.0
2025-09-26,667.85,696.04,32.55,30.88,59370900,211003300,48788000,53696000,4672405.0,-1842356.0,1231639.0,870437.0
2025-09-29,677.42,708.42,32.97,31.51,32853500,126320800,37960000,36072000,5291346.0,1030735.0,-120609.0,801350.0
2025-09-30,674.2,706.0,33.13,31.17,33051500,110274500,42774000,43326000,1682249.0,2859347.0,752416.0,987747.0
2025-10-01,678.25,711.78,33.71,32.21,37389300,124307300,44354000,41854000,9220545.0,49523.0,654017.0,427825.0
2025-10-02,680.95,718.2,34.0,31.44,50188900,153055200,39308000,43642000,-10516995.0,2819310.0,-1034538.0,-761582.0
2025-10-03,684.03,718.63,33.12,31.63,23916200,107069200,32124000,32974000,-729346.0,2538.0,697624.0,1268729.0
2025-10-06,685.7,719.31,33.09,32.14,16162000,56395600,26684000,25504000,-6090032.0,-3197323.0,-493568.0,494191.0
2025-10-07,681.27,714.78,33.86,32.19,26999600,88038700,42446000,36154000,1006239.0,-1520118.0,-228561.0,-43585.0
2025-10-08,680.18,711.35,33.38,32.35,30902600,99106200,31292000,28310000,-7919784.0,-1134752.0,458526.0,-335200.0
2025-10-09,691.35,722.27,33.9,32.34,38393800,134142200,47156000,37714000,-2734821.0,1925822.0,-189629.0,1576118.0
2025-10-10,694.24,725.56,35.06,32.72,27091100,114580100,36316000,32222000,-6564489.0,2193883.0,121429.0,-252326.0
2025-10-13,698.22,725.91,34.6,33.02,23776300,76523900,30172000,29546000,-10886192.0,-3488914.0,-475939.0,1384302.0
2025-10-14,694.62,724.98,34.78,33.23,23404700,78448500,52434000,49964000,-2051948.0,-515725.0,-1369464.0,-3017151.0
2025-10-15,690.39,720.49,33.72,32.23,30195200,102038000,31952000,35822000,9504334.0,1888908.0,-1503543.0,-482639.0
2025-10-16,704.45,732.66,33.78,31.84,42778700,174911700,88632000,81420000,1437310.0,-2840365.0,1448626.0,425492.0
2025-10-17,724.16,740.69,34.07,32.64,53170900,144442300,126726000,133078000,1490989.0,2003880.0,9552880.0,7804005.0
2025-10-20,724.61,738.87,36.51,35.7,25918000,69033000,48776000,54332000,6181717.0,776733.0,526925.0,1955087.0
2025-10-21,726.09,737.44,36.76,36.06,31390500,77905800,38778000,44916000,2582016.0,205496.0,-524179.0,346302.0
2025-10-22,732.12,745.83,36.73,35.58,42221900,135906700,39604000,43578000,2251621.0,-239988.0,189510.0,477824.0
2025-10-23,730.97,745.4,35.9,35.11,24913300,90525500,36520000,29120000,-802085.0,-1075175.0,1345489.0,983327.0
2025-10-24,727.69,742.19,37.1,35.1,27199200,131076900,39984000,38176000,-6399837.0,1086039.0,258062.0,-353195.0
2025-10-27,735.91,750.97,36.46,36.01,22176900,86270800,39914000,37726000,-3570573.0,-1826883.0,-461874.0,-17346.0
2025-10-28,738.48,753.15,37.31,36.03,20418400,95246100,36306000,31308000,-172145.0,-480153.0,323240.0,-308559.0
2025-10-29,738.54,750.86,37.43,35.42,28633000,96224500,41840000,34134000,6314252.0,115119.0,731639.0,55472.0
2025-10-30,736.55,750.11,36.98,36.02,25004100,78408700,45486000,37232000,-2274792.0,2655920.0,-1113985.0,182304.0
2025-10-31,737.07,749.72,37.96,34.77,29924900,110471500,33544000,30232000,-6395051.0,-994505.0,-762040.0,-345433.0
2025-11-03,729.23,742.72,38.04,37.21,33479800,131008700,35538000,41396000,2379784.0,-43090.0,-1360037.0,887658.0
2025-11-04,727.37,744.44,37.42,35.38,35452100,75874600,29798000,32160000,-5145397.0,1822659.0,-93329.0,-147937.0
2025-11-05,726.47,741.51,37.05,36.58,22748800,67846000,41866000,27328000,-637002.0,469355.0,1547329.0,369388.0
2025-11-06,719.41,731.16,37.74,36.12,31196900,121315200,35452000,36744000,-1034008.0,-1351456.0,406702.0,392443.0
2025-11-07,705.28,722.95,38.1,36.51,52836000,153577100,48188000,41510000,3703999.0,434487.0,-455225.0,-292306.0
2025-11-10,715.43,733.94,36.83,35.13,33980600,117645200,50704000,38118000,-2092554.0,801414.0,46190.0,-23060.0
2025-11-11,715.88,733.41,37.21,36.28,30579500,121123700,38864000,30218000,1970395.0,1240067.0,499337.0,-152483.0
2025-11-12,729.62,745.04,37.55,35.77,32966500,121342500,36266000,33686000,5264714.0,3059787.0,1087842.0,822727.0
2025-11-13,730.13,744.4,37.98,37.21,26188100,88220500,28078000,26542000,4207963.0,-472024.0,1444206.0,324301.0
2025-11-14,735.08,747.11,38.07,36.16,22727600,94011500,55478000,44246000,1325500.0,235560.0,1840104.0,377283.0
2025-11-17,732.96,746.26,38.54,38.72,20696200,64931200,34648000,28290000,-3969059.0,1451670.0,280672.0,-160750.0
2025-11-18,732.31,747.26,39.07,37.11,26374400,98874400,47880000,46662000,-7803569.0,-908146.0,-586684.0,-1061248.0
2025-11-19,732.96,747.15,37.83,37.58,14159900,51980100,23612000,22442000,-4462638.0,-2300482.0,-637125.0,-721202.0
2025-11-21,733.98,748.01,39.36,36.5,8828000,37317800,14434000,16770000,3276696.0,1688885.0,695133.0,-1353924.0
2025-11-24,732.12,744.9,38.35,37.49,25041600,112822700,33586000,41952000,3271568.0,706007.0,-2361784.0,-1356574.0
2025-11-25,739.44,752.01,38.74,37.27,28639400,97858400,40398000,42692000,-8461696.0,218428.0,1354683.0,1869743.0
2025-11-26,734.88,744.33,39.14,38.8,22395500,108441300,46876000,44608000,527512.0,-1417688.0,-248601.0,-652138.0
2025-11-27,722.43,733.91,38.93,37.76,42754300,166224200,41950000,51812000,7329215.0,735151.0,-2087491.0,-751740.0
2025-11-28,739.31,748.22,38.53,37.09,40037300,192913900,49800000,55146000,2542610.0,-1803259.0,1741018.0,761249.0
2025-12-01,735.97,743.69,39.31,37.86,25892100,102027100,36626000,36246000,-2831283.0,1391400.0,-1559951.0,-1181972.0
2025-12-02,736.04,738.69,37.61,37.59,30792600,103372400,31082000,36590000,3157834.0,-2107200.0,962509.0,-522077.0
2025-12-03,724.87,732.94,38.2,38.0,48509200,162401500,46550000,54000000,-4234505.0,795809.0,-1625695.0,-997276.0
2025-12-04,728.14,734.84,37.14,37.33,30154600,116128900,32458000,39768000,-9652502.0,-145638.0,91056.0,115460.0
2025-12-05,711.38,720.59,38.04,36.83,56022200,211173300,43184000,44488000,5601006.0,-155169.0,-491583.0,-640590.0
2025-12-08,716.78,724.23,37.03,36.46,53098500,182385200,53864000,48250000,7253932.0,683983.0,-418882.0,917556.0
2025-12-09,721.14,731.84,37.46,37.75,48428000,154069600,49386000,53324000,7631243.0,675085.0,-1144816.0,774758.0
2025-12-10,731.87,742.55,37.11,36.43,44944100,197017000,53120000,39866000,-7709742.0,-1350296.0,1345017.0,1098764.0
2025-12-11,721.21,731.23,39.24,37.49,45668800,173092500,36510000,31068000,-10175418.0,-578059.0,-1356882.0,-1983757.0
2025-12-12,707.37,718.2,37.74,37.69,53746100,251393500,67794000,62974000,9147765.0,-1307072.0,-1411475.0,-1776548.0
2025-12-15,715.23,724.13,37.78,37.52,26432800,99094300,34848000,30514000,-30287.0,799107.0,613171.0,-1024401.0
2025-12-16,719.93,730.7,38.6,37.31,26540300,111026200,36338000,27308000,-6058482.0,500406.0,614914.0,458173.0
2025-12-17,725.28,739.75,38.12,36.55,25656900,110987200,30594000,31318000,1659415.0,-2060548.0,-507135.0,-1155070.0
2025-12-18,725.15,738.53,37.93,37.34,11468600,48539600,10412000,10544000,5823881.0,162562.0,430155.0,194276.0
2025-12-22,724.76,736.84,38.13,37.17,19183600,65899900,31156000,30306000,742020.0,-429050.0,-1485404.0,1074709.0
2025-12-23,736.16,744.7,38.86,36.7,27725700,92640700,38430000,35300000,-7136516.0,1419546.0,-1014655.0,822641.0
2025-12-24,729.53,739.42,39.3,38.76,19520100,63317700,28566000,25866000,-7022550.0,1212614.0,-231460.0,572222.0
2025-12-25,720.45,732.03,38.96,38.32,29886800,114877900,32752000,30018000,1432238.0,-134445.0,-1045334.0,-134280.0
2025-12-29,705.25,721.79,38.26,37.39,50807600,222353500,67382000,65456000,5787588.0,-167044.0,-1979070.0,-2255590.0
2025-12-30,704.02,723.02,37.3,36.36,38795200,110845800,45216000,39014000,-9804023.0,1353550.0,120677.0,32634.0
2025-12-31,697.26,713.9,37.35,36.3,41891100,152112600,48206000,38940000,-6804675.0,-32761.0,-336242.0,-229148.0
